{
  "data_referencia": "2026-05-13",
  "cdi_anual_pct": 13.65,
  "total_skus": 1930,
  "skus_com_estoque": 1156,
  "skus_sem_estoque": 879,
  "skus_kit": 219,
  "valor_estoque_venda": 4700758.509692184,
  "valor_estoque_custo": 2592261.109555339,
  "status_counts": {
    "Sem estoque": 2635,
    "Saudavel": 1481,
    "Excesso": 929,
    "Kit (revisar)": 572,
    "Encalhado": 222,
    "Morto": 109,
    "Ruptura iminente": 92
  },
  "status_valor_venda": {
    "Encalhado": 269108.42539,
    "Excesso": 3617132.82531,
    "Kit (revisar)": 1481690.60912,
    "Morto": 708562.46312,
    "Ruptura iminente": 39679.61275,
    "Saudavel": 8751190.52417,
    "Sem estoque": -526.70257
  },
  "status_valor_custo": {
    "Encalhado": 163371.17,
    "Excesso": 2199885.82,
    "Kit (revisar)": 907889.9299999999,
    "Morto": 50187.68,
    "Ruptura iminente": 24416.27,
    "Saudavel": 5249590.2,
    "Sem estoque": -315.69
  },
  "cdi_mes_total": 30448.445788737317,
  "cdi_mes_encalhado": 869.4250197131936,
  "cdi_mes_por_status": {
    "Encalhado": 1858.3470587500003,
    "Excesso": 25023.7012025,
    "Kit (revisar)": 10327.24795375,
    "Morto": 570.88486,
    "Ruptura iminente": 277.73507125000003,
    "Saudavel": 59714.08852500001,
    "Sem estoque": -3.5909737500000003
  },
  "receita_12m": 12452676.04738509,
  "cmv_12m": 23206242.910000004,
  "margem_12m": 3430619.61433946,
  "margem_pct_12m": 0.3266690024289754,
  "giro_global_12m": 2.3181537550283835,
  "dio_dias_global": 157.4528864654756,
  "ruptura_iminente_skus": 92,
  "excesso_skus": 929,
  "candidatos_corte_skus": 3204,
  "candidatos_corte_valor_venda": 2207146.77408,
  "candidatos_corte_receita_12m": 5650.050000000001
}